{
  "duration": 0.431913015158178,
  "resource_count": 0.0967536944561012,
  "is_critical": 0.029041504350056684,
  "slack": 0.44229178603566416
}